0,SET,i,0
0,JMPE,173,$i,4
0,RND,rnd,4
0,JMPE,38,$rnd,1
0,JMPE,101,$rnd,2
0,JMPE,142,$rnd,3
0,Sound,Flash,
0,CombatZoneResizeInstant,225,215,415,387
0,BlackScreen,1
0,HeartMode,0
0,HeartTeleport,320,300,320,300
0.375,Sound,Flash,
0,BlackScreen,0
0.5,SET,I,0
0,RND,random,4
0,JMPE,36,$I,4
0,JMPE,24,$random,1
0,JMPE,28,$random,2
0,JMPE,32,$random,3
0,BoneV,503,220,90,2,170
0.25,Sound,BoneStab,
0,ADD,I,$I,1
0.5,JMPABS,15
0,BoneV,128,292,90,0,170
0.25,Sound,BoneStab,
0,ADD,I,$I,1
0.5,JMPABS,15
0,BoneV,503,292,90,2,170
0.25,Sound,BoneStab,
0,ADD,I,$I,1
0.5,JMPABS,15
0,BoneV,128,220,90,0,170
0.25,Sound,BoneStab,
0,ADD,I,$I,1
0.5,JMPABS,15
1.25,ADD,i,$i,1
0,JMPABS,2
0,Sound,Flash,
0,CombatZoneResizeInstant,225,215,415,387
0,BlackScreen,1
0,HeartMode,0
0,HeartTeleport,320,300,350,300
0.375,BlackScreen,0
0,Sound,Flash,
0.5,SET,I,0
0,RND,random,4
0,JMPE,99,$I,4
0,JMPE,63,$random,1
0,JMPE,75,$random,2
0,JMPE,87,$random,3
0,Sound,Flash,
0,BlackScreen,1
0,HeartTeleport,320,300,350,300
0,SansSlam,0
0.5,BlackScreen,0
0,Sound,Flash,
0,BoneH,230,500,145,3,375
0,BoneH,390,500,20,3,375
0,BoneH,230,100,145,1,375
0,BoneH,390,100,20,1,375
0,ADD,I,$I,1
0.625,JMPABS,46
0,Sound,Flash,
0,BlackScreen,1
0,HeartTeleport,320,300,350,300
0,SansSlam,1
0.5,BlackScreen,0
0,Sound,Flash,
0,BoneV,128,220,132,0,350
0,BoneV,128,366,20,0,350
0,BoneV,503,220,132,2,350
0,BoneV,503,366,20,2,350
0,ADD,I,$I,1
0.625,JMPABS,46
0,Sound,Flash,
0,BlackScreen,1
0,HeartTeleport,320,300,350,300
0,SansSlam,2
0.5,BlackScreen,0
0,Sound,Flash,
0,BoneH,265,500,145,3,375
0,BoneH,230,500,20,3,375
0,BoneH,265,100,145,1,375
0,BoneH,230,100,20,1,375
0,ADD,I,$I,1
0.625,JMPABS,46
0,Sound,Flash,
0,BlackScreen,1
0,HeartTeleport,320,300,350,300
0,SansSlam,3
0.5,BlackScreen,0
0,Sound,Flash,
0,BoneV,128,255,132,0,350
0,BoneV,128,220,20,0,350
0,BoneV,503,255,132,2,350
0,BoneV,503,220,20,2,350
0,ADD,I,$I,1
0.625,JMPABS,46
1,ADD,i,$i,1
0,JMPABS,2
0,Sound,Flash,
0,CombatZoneResizeInstant,225,215,415,387
0,BlackScreen,1
0,HeartMode,0
0,HeartTeleport,320,300,320,300
0.375,Sound,Flash,
0,BlackScreen,0
0.5,SET,I,0
0,JMPE,138,$I,4
0,RND,random,4
0,JMPE,120,$random,1
0,JMPE,126,$random,2
0,JMPE,132,$random,3
0,SansSlam,0
0,SansBody,HandRight
0,BoneStab,0,45,0.5,0.25
0.5,SansBody,HandLeft
0,ADD,I,$I,1
0.75,JMPABS,109
0,SansSlam,1
0,SansBody,HandDown
0,BoneStab,1,45,0.5,0.25
0.5,SansBody,HandUp
0,ADD,I,$I,1
0.75,JMPABS,109
0,SansSlam,2
0,SansBody,HandLeft
0,BoneStab,2,45,0.5,0.25
0.5,SansBody,HandRight
0,ADD,I,$I,1
0.75,JMPABS,109
0,SansSlam,3
0,SansBody,HandUp
0,BoneStab,3,45,0.5,0.25
0.5,SansBody,HandDown
0,ADD,I,$I,1
0.75,JMPABS,109
0,SansTorso,Default
0,SansAnimation,Idle
0.375,ADD,i,$i,1
0,JMPABS,2
0,Sound,Flash,
0,CombatZoneResizeInstant,225,215,415,387
0,BlackScreen,1
0,HeartMode,0
0,HeartTeleport,320,300,320,300
0.375,Sound,Flash,
0,BlackScreen,0
0.5,CombatZoneResizeInstant,225,215,415,387
0,SineBones,20,15,50,60
0,SansBody,HandLeft
0,Sound,GasterBlaster,
1,SET,I,0
0,JMPE,169,$I,2
0,SET,random,250
0,RND,add,151
0,ADD,random,$random,$add
0,ADD,random2,$random,55
0,SUB,random3,$random,55
0,SUB,random4,$random,110
0,ADD,random5,$random,110
0,GasterBlaster,3,0,0,$random,185,90,0.75,1.25
0,GasterBlaster,3,0,0,$random2,185,90,0.75,1.25
0,GasterBlaster,3,0,0,$random3,185,90,0.75,1.25
0,GasterBlaster,3,0,0,$random4,185,90,0.75,1.25
0,GasterBlaster,3,0,0,$random5,185,90,0.75,1.25
0,ADD,I,$I,1
2.75,JMPABS,154
0,SansTorso,Default
0,SansAnimation,Idle
0,ADD,i,$i,1
0,JMPABS,2
0,EndAttack